{"timings_moead": [3.436243772506714, 3.441300630569458, 3.5599172115325928], "igd_moead": [2.1256637911435403, 2.1256637911435403, 2.1256637911435403]}