{"timings_nsga_ii": [2.8018646240234375, 2.391221523284912, 2.4182236194610596], "gd_nsga_ii": [0.43135516556723147, 0.43135516556723147, 0.43135516556723147], "timings_nsga_iii": [2.7346038818359375, 2.7106568813323975, 2.9106738567352295], "gd_nsga_iii": [0.021620591196013776, 0.021620591196013776, 0.021620591196013776], "timings_moead": [26.0807101726532, 27.752721786499023, 29.478686094284058], "gd_moead": [0.01792278080458056, 0.01792278080458056, 0.01792278080458056]}