{"timings_nsga_ii": [1.0837647914886475, 1.0266263484954834], "timings_nsga_iii": [1.451220989227295, 1.4682466983795166], "timings_moead": [12.282984256744385, 33.978848457336426]}