{"timings_moead": [0.724938154220581, 0.679481029510498, 0.7138762474060059], "igd_moead": [0.0, 0.0, 0.0]}