{"timings_nsga_ii": [2.350733995437622, 2.5179569721221924], "timings_nsga_iii": [2.7593820095062256, 2.5835278034210205]}