{"timings_nsga_ii": [2.3293204307556152], "gd_nsga_ii": [0.43135516556723147], "timings_nsga_iii": [2.5191774368286133], "gd_nsga_iii": [0.021620591196013776], "timings_moead": [25.728375673294067], "gd_moead": [0.01792278080458056]}